<?xml version="1.0" encoding="UTF-8"?><metadata>
    <idinfo>
        <descript>
            <abstract>Two global GIS-covers in ESRI shape format were produced: one contains polylines representing the maritime boundaries;the second holds polygons representing the EEZs. When all the boundary lines were constructed, the lines could be aggregated and an EEZ-polygon per country was derived. For the land-side border, the boundaries of the world countries were used, on the sea-side the boundaries were aggregated for each country. Separate polygons were created for islands (ex.: Azores) and dependencies (ex.: Réunion) but those polygons are linked with their corresponding sovereign nation (in the attribute table).</abstract>
            <purpose>World Maritime Boundaries</purpose>
        </descript>
        <keywords>
            <theme>
                <themekt>None</themekt>
                <themekey>Exclusive Economic Zone</themekey>
                <themekey>Boundaries</themekey>
                <themekey>World</themekey>
                <themekey>200 NM</themekey>
                <themekey>Disputed</themekey>
                <themekey>Treaties</themekey>
                <themekey>Administrative Units</themekey>
                <themekey>FEATSVC</themekey>
            </theme>
        </keywords>
        <accconst>None</accconst>
        <useconst/>
        <datacred>Flanders Marine Institute (2014). Marineregions.org. Accessed at http://www.marineregions.org on yyyy-mm-dd.</datacred>
    </idinfo>
    <metainfo>
        <metstdn>FGDC Content Standard for Digital Geospatial Metadata</metstdn>
        <metstdv>FGDC-STD-001-1998</metstdv>
        <mettc>local time</mettc>
    </metainfo>
</metadata>
