,desc,type,node,existing_2030,capacity_2035,capacity_2040,capacity_2050,expand_2035,expand_2040,expand_2050,pmin,allow_curtailment,fuelcost_2035,fuelcost_2040,fuelcost_2050,fuelcost_ref,pavg,inflow_fac,inflow_ref,cost_scaling,p_maxNew,lat,lon,comment,output_2035,output_2040,output_2050
0,BE_gas,gas,BE_main,8730.6,11874.1,3143.5,7661.96446,0,0,0,0,1,30.0,39.0,49.0,const,0.0,1,const,1,0,-1.0,-1.0,mainland,8178.071763728463,10459.057987169323,10090.771569596385
1,BE_hydro,hydro,BE_main,1372.201996,1373.601997,1.400001525,0.0,0,0,0,0,1,25.0,25.0,25.0,const,0.6,1,const,1,0,-1.0,-1.0,mainland,824.1611982,825.0011991150005,825.0011991150005
2,BE_oil,oil,BE_main,158.0,158.0,0.0,-18.0,0,0,0,0,1,57.0,67.0,78.0,const,0.0,1,const,1,0,-1.0,-1.0,mainland,4.74,1.579999999999962,0.0
3,BE_nonres_other,nonres_other,BE_main,819.243568,730.5726469,-88.6709211,1.14e-13,0,0,0,0,1,35.0,51.0,68.0,const,0.0,1,const,1,0,-1.0,-1.0,mainland,22.986408480675124,6.419017258,6.375601713684546
4,BE_res_other,res_other,BE_main,903.6,903.6,0.0,0.0,0,0,0,0,1,74.0,61.0,50.0,const,0.0,1,const,1,0,-1.0,-1.0,mainland,19.66257101920614,9.035999999999982,9.036
5,BE_solar,solar,BE_main,17063.0,24733.955,7670.955,10900.52,0,0,0,0,1,0.0,0.0,0.0,const,0.0,1,solar_BE_main,1,0,-1.0,-1.0,mainland,3421.2006556000006,4482.247151200001,5990.0070776
6,BE_windon,windon,BE_main,5247.92,7053.465,1805.545,1580.99,0,0,0,0,1,0.0,0.0,0.0,const,0.0,1,windon_BE_main,1,0,-1.0,-1.0,mainland,2177.89838805,2735.3965176999995,3223.5588000000002
7,DE_coal,coal,DE_main,9030.9,9030.9,0.0,0.0,0,0,0,0,1,35.0,50.0,66.0,const,0.0,1,const,1,0,-1.0,-1.0,mainland,451.5450000000001,361.236,270.92699999999996
8,DE_gas,gas,DE_main,35057.227,50137.817,15080.59,4070.7,0,0,0,0,1,30.0,39.0,49.0,const,0.0,1,const,1,0,-1.0,-1.0,mainland,27272.914544601415,29903.65542731121,24556.819748292317
9,DE_hydro,hydro,DE_main,15054.53992,15189.53992,135.0,0.0,0,0,0,0,1,25.0,25.0,25.0,const,0.6,1,const,1,0,-1.0,-1.0,mainland,9113.723952000002,9194.723951999998,9194.723951999998
10,DE_oil,oil,DE_main,850.93,744.07,-106.86,-493.4,0,0,0,0,1,57.0,67.0,78.0,const,0.0,1,const,1,0,-1.0,-1.0,mainland,29.762800000000002,12.744200000000001,1.4381000000000006
11,DE_nonres_other,nonres_other,DE_main,8698.580078,8631.790039,-66.790039,0.0,0,0,0,0,1,35.0,51.0,68.0,const,0.0,1,const,1,0,-1.0,-1.0,mainland,443.8473312349251,299.328148951141,204.83207982268476
12,DE_res_other,res_other,DE_main,7570.4,8113.8,543.4,0.0,0,0,0,0,1,74.0,61.0,50.0,const,0.0,1,const,1,0,-1.0,-1.0,mainland,324.552,227.69559842454558,346.288
13,DE_solar,solar,DE_main,123439.82,188236.18,64796.36,53416.45,0,0,0,0,1,0.0,0.0,0.0,const,0.0,1,solar_DE_main,1,0,-1.0,-1.0,mainland,26773.779450966696,36077.37955319999,43693.4969942
14,DE_windon,windon,DE_main,84671.72,105914.68,21242.96,24417.02,0,0,0,0,1,0.0,0.0,0.0,const,0.0,1,windon_DE_main,1,0,-1.0,-1.0,mainland,28332.176899999995,34014.668699999995,40546.221549999995
15,DK_gas,gas,DK_main,1324.11,3366.095,2041.985,773.341662,0,0,0,0,1,30.0,39.0,49.0,const,0.0,1,const,1,0,-1.0,-1.0,mainland,128.85174381116224,64.5805644925739,75.69169523978773
16,DK_oil,oil,DK_main,811.39,804.39,-7.0,-525.97,0,0,0,0,1,57.0,67.0,78.0,const,0.0,1,const,1,0,-1.0,-1.0,mainland,8.0439,0.0,0.0
17,DK_nonres_other,nonres_other,DK_main,60.94136901,53.86669324,-7.074675775,0.0,0,0,0,0,1,35.0,51.0,68.0,const,0.0,1,const,1,0,-1.0,-1.0,mainland,0.5386669324,0.0,0.0
18,DK_res_other,res_other,DK_main,2506.274191,2114.589191,-391.685,-921.23,0,0,0,0,1,74.0,61.0,50.0,const,0.0,1,const,1,0,-1.0,-1.0,mainland,21.14589191,0.0,8.01674191
19,DK_solar,solar,DK_main,17187.89,24238.365,7050.475,13384.79,0,0,0,0,1,0.0,0.0,0.0,const,0.0,1,solar_DK_main,1,0,-1.0,-1.0,mainland,2891.7939018365223,3768.031516770042,5256.779188714353
20,DK_windon,windon,DK_main,6057.92,7047.9,989.98,2779.34,0,0,0,0,1,0.0,0.0,0.0,const,0.0,1,windon_DK_main,1,0,-1.0,-1.0,mainland,2897.1587737511304,3346.8124743999997,4362.840068101233
21,NL_gas,gas,NL_main,13961.3,28595.8,14634.5,3430.07681,0,0,0,0,1,30.0,39.0,49.0,const,0.0,1,const,1,0,-1.0,-1.0,mainland,4186.9387687316475,3146.2598943318812,3259.076130333807
22,NL_hydro,hydro,NL_main,37.70000076,37.70000076,0.0,0.0,0,0,0,0,1,25.0,25.0,25.0,const,0.6,1,const,1,0,-1.0,-1.0,mainland,22.62000045600002,22.620000456000025,22.620000456000025
23,NL_nuclear,nuclear,NL_main,486.0,486.0,0.0,0.0,0,0,0,0,1,1.7,1.7,1.7,const,0.0,1,const,1,0,-1.0,-1.0,mainland,426.92848818102027,442.26,435.9980707653958
24,NL_nonres_other,nonres_other,NL_main,1796.824014,1357.158515,-439.6654992,0.0,0,0,0,0,1,35.0,51.0,68.0,const,0.0,1,const,1,0,-1.0,-1.0,mainland,40.714755450000006,1.3773347880307723,0.0
25,NL_res_other,res_other,NL_main,3900.0,2250.0,-1650.0,0.0,0,0,0,0,1,74.0,61.0,50.0,const,0.0,1,const,1,0,-1.0,-1.0,mainland,22.5,0.0,6.0
26,NL_solar,solar,NL_main,50418.19,63666.275,13248.085,42555.06,0,0,0,0,1,0.0,0.0,0.0,const,0.0,1,solar_NL_main,1,0,-1.0,-1.0,mainland,8739.650374509869,10621.855960301584,16461.03444229438
27,NL_windon,windon,NL_main,9478.07,12539.53,3061.46,4399.25,0,0,0,0,1,0.0,0.0,0.0,const,0.0,1,windon_NL_main,1,0,-1.0,-1.0,mainland,3824.448181966193,4837.058744865107,6136.673639200001
28,SE_gas,gas,SE_main,110.789,5030.289,4919.5,-6493.11052,0,0,0,0,1,30.0,39.0,49.0,const,0.0,1,const,1,0,-1.0,-1.0,mainland,61.75832372541536,29.25159203762736,41.08231376458642
29,SE_hydro,hydro,SE_main,16447.1001,16447.1001,0.0,0.0,0,0,0,0,1,25.0,25.0,25.0,const,0.6,1,const,1,0,-1.0,-1.0,mainland,9868.260060000004,9868.260060000004,9868.260060000004
30,SE_nuclear,nuclear,SE_main,3687.0,3687.0,0.0,0.0,0,0,0,0,1,1.7,1.7,1.7,const,0.0,1,const,1,0,-1.0,-1.0,mainland,3587.5567939419916,3613.26,3603.7907805359296
31,SE_res_other,res_other,SE_main,4754.76,4754.76,0.0,0.0,0,0,0,0,1,74.0,61.0,50.0,const,0.0,1,const,1,0,-1.0,-1.0,mainland,0.0,0.0,0.0
32,SE_solar,solar,SE_main,11813.45,16058.445,4244.995,9933.63,0,0,0,0,1,0.0,0.0,0.0,const,0.0,1,solar_SE_main,1,0,-1.0,-1.0,mainland,1883.4950140499998,2381.3904776,3546.5059403000005
33,SE_windon,windon,SE_main,23333.12,29708.15,6375.03,6947.82,0,0,0,0,1,0.0,0.0,0.0,const,0.0,1,windon_SE_main,1,0,-1.0,-1.0,mainland,8096.3621195000005,9833.7490454,11710.856680500772
34,UK_gas,gas,UK_main,22930.87,37170.37,14239.5,15983.15085,0,0,0,0,1,30.0,39.0,49.0,const,0.0,1,const,1,0,-1.0,-1.0,mainland,16437.961911644772,16873.879724624934,3141.814963229192
35,UK_hydro,hydro,UK_main,4839.110107,4937.255005,98.14489746,0.0,0,0,0,0,1,25.0,25.0,25.0,const,0.6,1,const,1,0,-1.0,-1.0,mainland,2962.3530030000006,3021.2399414760016,3021.239941476002
36,UK_nuclear,nuclear,UK_main,4460.0,4460.0,0.0,1110.0,0,0,0,0,1,1.7,1.7,1.7,const,0.0,1,const,1,0,-1.0,-1.0,mainland,4326.982220748361,4457.7784916504625,5347.2
37,UK_oil,oil,UK_main,70.8,70.8,0.0,0.0,0,0,0,0,1,57.0,67.0,78.0,const,0.0,1,const,1,0,-1.0,-1.0,mainland,1.416,0.0,0.0
38,UK_nonres_other,nonres_other,UK_main,3599.665107,3292.297181,-307.3679263,0.0,0,0,0,0,1,35.0,51.0,68.0,const,0.0,1,const,1,0,-1.0,-1.0,mainland,71.81660341743513,0.0,0.0
39,UK_res_other,res_other,UK_main,6344.55,8029.025,1684.475,0.0,0,0,0,0,1,74.0,61.0,50.0,const,0.0,1,const,1,0,-1.0,-1.0,mainland,141.44571629922922,0.0,0.0
40,UK_solar,solar,UK_main,41678.51,63798.235,22119.725,31468.25,0,0,0,0,1,0.0,0.0,0.0,const,0.0,1,solar_UK_main,1,0,-1.0,-1.0,mainland,7914.1710517500005,10658.122937999999,14561.759350500002
41,UK_windon,windon,UK_main,24179.0,30404.375,6225.375,24356.94,0,0,0,0,1,0.0,0.0,0.0,const,0.0,1,windon_UK_main,1,0,-1.0,-1.0,mainland,11740.649406249999,14144.577962499996,23550.01034350001
42,NO_OSTLAND_hydro,hydro,NO_OSTLAND,2820.738307,2814.819669,-5.918637974,0.0,0,0,0,0,1,25.0,25.0,25.0,const,0.6,1,const,1,0,-1.0,-1.0,mainland,1688.8918013999987,1685.3406186156008,1685.3406186156008
43,NO_OSTLAND_nonres_other,nonres_other,NO_OSTLAND,265.0,265.0,0.0,0.0,0,0,0,0,1,35.0,51.0,68.0,const,0.0,1,const,1,0,-1.0,-1.0,mainland,0.0,0.0,0.0
44,NO_OSTLAND_solar,solar,NO_OSTLAND,1454.48505,2446.179402,793.3554817,396.6777409,0,0,0,0,1,0.0,0.0,0.0,const,0.0,1,solar_NO_OSTLAND,1,0,-1.0,-1.0,mainland,254.32927242594005,336.814441858289,378.0570265796621
45,NO_OSTLAND_windon,windon,NO_OSTLAND,372.9798588,408.166638,49.26149079,24.6307454,0,0,0,0,1,0.0,0.0,0.0,const,0.0,1,windon_NO_OSTLAND,1,0,-1.0,-1.0,mainland,84.6741690531,94.89346531748548,100.00311345071549
46,NO_OSTLAND_gas,gas,NO_OSTLAND,0.0,37.1183153,37.1183153,0.0,0,0,0,0,1,30.0,39.0,49.0,const,0.0,1,const,1,0,-1.0,-1.0,mainland,0.0,0.0,0.0
47,NO_SOROST_hydro,hydro,NO_SOROST,28.16378109,28.1046862,-0.059094892,0.0,0,0,0,0,1,25.0,25.0,25.0,const,0.6,1,const,1,0,-1.0,-1.0,mainland,16.862811719999993,16.82735478479997,16.82735478479997
48,NO_SOROST_solar,solar,NO_SOROST,270.4318937,454.8172757,147.5083056,73.75415282,0,0,0,0,1,0.0,0.0,0.0,const,0.0,1,solar_NO_SOROST,1,0,-1.0,-1.0,mainland,51.671790692277,68.430209291493,76.8094185933732
49,NO_HALLINGDAL_hydro,hydro,NO_HALLINGDAL,3106.590672,3100.072242,-6.518430114,0.0,0,0,0,0,1,25.0,25.0,25.0,const,0.6,1,const,1,0,-1.0,-1.0,mainland,1860.0433451999977,1856.1322871316004,1856.1322871316008
50,NO_HALLINGDAL_solar,solar,NO_HALLINGDAL,665.1162791,1118.604651,362.7906977,181.3953488,0,0,0,0,1,0.0,0.0,0.0,const,0.0,1,solar_NO_HALLINGDAL,1,0,-1.0,-1.0,mainland,117.33044184339,155.383558125143,174.41011626077503
51,NO_HALLINGDAL_windon,windon,NO_HALLINGDAL,28.15335809,30.80933527,3.71836805,1.859184025,0,0,0,0,1,0.0,0.0,0.0,const,0.0,1,windon_NO_HALLINGDAL,1,0,-1.0,-1.0,mainland,7.5612270619633986,8.4737889487944,8.930069892209898
52,NO_TELEMARK_hydro,hydro,NO_TELEMARK,2152.772431,2148.255358,-4.517072934,0.0,0,0,0,0,1,25.0,25.0,25.0,const,0.6,1,const,1,0,-1.0,-1.0,mainland,1288.9532147999992,1286.2429710396,1286.2429710396
53,NO_TELEMARK_solar,solar,NO_TELEMARK,270.4318937,454.8172757,147.5083056,73.75415282,0,0,0,0,1,0.0,0.0,0.0,const,0.0,1,solar_NO_TELEMARK,1,0,-1.0,-1.0,mainland,47.337382054856,62.69004650170399,70.36637872720961
54,NO_SORLAND_hydro,hydro,NO_SORLAND,4966.811144,4956.389491,-10.42165343,0.0,0,0,0,0,1,25.0,25.0,25.0,const,0.6,1,const,1,0,-1.0,-1.0,mainland,2973.8336946000027,2967.5807025419986,2967.5807025419995
55,NO_SORLAND_solar,solar,NO_SORLAND,394.6843854,663.7873754,215.282392,107.641196,0,0,0,0,1,0.0,0.0,0.0,const,0.0,1,solar_NO_SORLAND,1,0,-1.0,-1.0,mainland,61.60610631087399,81.586465112394,91.576644513154
56,NO_SORLAND_windon,windon,NO_SORLAND,382.2600398,418.3223077,50.48717507,25.24358754,0,0,0,0,1,0.0,0.0,0.0,const,0.0,1,windon_NO_SORLAND,1,0,-1.0,-1.0,mainland,134.97587580248197,151.26606771056817,159.4111636662246
57,NO_VESTSYD_hydro,hydro,NO_VESTSYD,4059.007096,4050.49025,-8.516845919,0.0,0,0,0,0,1,25.0,25.0,25.0,const,0.6,1,const,1,0,-1.0,-1.0,mainland,2430.2941499999997,2425.1840424486004,2425.1840424486004
58,NO_VESTSYD_solar,solar,NO_VESTSYD,423.9202658,712.9568106,231.2292359,115.6146179,0,0,0,0,1,0.0,0.0,0.0,const,0.0,1,solar_NO_VESTSYD,1,0,-1.0,-1.0,mainland,67.638212621622,89.574930231455,100.543289031628
59,NO_VESTSYD_windon,windon,NO_VESTSYD,949.7587487,1039.358631,125.4398347,62.71991737,0,0,0,0,1,0.0,0.0,0.0,const,0.0,1,windon_NO_VESTSYD,1,0,-1.0,-1.0,mainland,356.36489381097005,399.3744499345591,420.87922800321104
60,NO_VESTMIDT_hydro,hydro,NO_VESTMIDT,6418.183449,6404.716441,-13.46700763,0.0,0,0,0,0,1,25.0,25.0,25.0,const,0.6,1,const,1,0,-1.0,-1.0,mainland,3842.8298646000026,3834.749660022,3834.749660022002
61,NO_VESTMIDT_solar,solar,NO_VESTMIDT,540.8637874,909.6345515,295.0166113,147.5083056,0,0,0,0,1,0.0,0.0,0.0,const,0.0,1,solar_NO_VESTMIDT,1,0,-1.0,-1.0,mainland,79.056338870865,104.696232558948,117.51617939864404
62,NO_VESTMIDT_windon,windon,NO_VESTMIDT,516.1448983,564.8378132,68.17008091,34.08504045,0,0,0,0,1,0.0,0.0,0.0,const,0.0,1,windon_NO_VESTMIDT,1,0,-1.0,-1.0,mainland,100.721878849824,112.87796767769521,118.95601209073921
63,NO_NORGEMIDT_hydro,hydro,NO_NORGEMIDT,4777.993654,4767.968188,-10.02546554,0.0,0,0,0,0,1,25.0,25.0,25.0,const,0.6,1,const,1,0,-1.0,-1.0,mainland,2860.7809128000035,2854.7656334760013,2854.7656334760018
64,NO_NORGEMIDT_solar,solar,NO_NORGEMIDT,350.8305648,590.0332226,191.3621262,95.68106312,0,0,0,0,1,0.0,0.0,0.0,const,0.0,1,solar_NO_NORGEMIDT,1,0,-1.0,-1.0,mainland,61.00943521684001,80.79627906592,90.68970099252802
65,NO_NORGEMIDT_windon,windon,NO_NORGEMIDT,1841.933453,2015.70076,243.2742296,121.6371148,0,0,0,0,1,0.0,0.0,0.0,const,0.0,1,windon_NO_NORGEMIDT,1,0,-1.0,-1.0,mainland,578.6270601655999,648.461360514576,683.378510689064
66,NO_HELGELAND_hydro,hydro,NO_HELGELAND,2334.426088,2329.527859,-4.898229254,0.0,0,0,0,0,1,25.0,25.0,25.0,const,0.6,1,const,1,0,-1.0,-1.0,mainland,1397.716715400002,1394.777777847598,1394.777777847598
67,NO_HELGELAND_solar,solar,NO_HELGELAND,14.6179402,24.58471761,7.973421927,3.986710963,0,0,0,0,1,0.0,0.0,0.0,const,0.0,1,solar_NO_HELGELAND,1,0,-1.0,-1.0,mainland,2.137641196189499,2.83093023274215,3.1775747509749994
68,NO_HELGELAND_windon,windon,NO_HELGELAND,606.3399159,663.5417948,80.0826304,40.0413152,0,0,0,0,1,0.0,0.0,0.0,const,0.0,1,windon_NO_HELGELAND,1,0,-1.0,-1.0,mainland,192.29441213304,215.50235842296001,227.10633156792002
69,NO_TROMS_hydro,hydro,NO_TROMS,2304.705744,2299.869876,-4.835868291,0.0,0,0,0,0,1,25.0,25.0,25.0,const,0.6,1,const,1,0,-1.0,-1.0,mainland,1379.9219255999997,1377.0204046254003,1377.0204046254005
70,NO_TROMS_solar,solar,NO_TROMS,7.3089701,12.2923588,3.986710963,1.993355482,0,0,0,0,1,0.0,0.0,0.0,const,0.0,1,solar_NO_TROMS,1,0,-1.0,-1.0,mainland,1.1989966773520002,1.5878604646830201,1.7822923583973
71,NO_TROMS_windon,windon,NO_TROMS,301.2148636,329.6313602,39.7830952,19.8915476,0,0,0,0,1,0.0,0.0,0.0,const,0.0,1,windon_NO_TROMS,1,0,-1.0,-1.0,mainland,78.33689275153,87.79134532581,92.51857161295001
72,NO_FINNMARK_hydro,hydro,NO_FINNMARK,391.6076362,390.7859422,-0.82169403,0.0,0,0,0,0,1,25.0,25.0,25.0,const,0.6,1,const,1,0,-1.0,-1.0,mainland,234.47156531999997,233.9785489020001,233.97854890200009
73,NO_FINNMARK_solar,solar,NO_FINNMARK,7.3089701,12.2923588,3.986710963,1.993355482,0,0,0,0,1,0.0,0.0,0.0,const,0.0,1,solar_NO_FINNMARK,1,0,-1.0,-1.0,mainland,1.1016411956559984,1.4589302321600557,1.630813953116249
74,NO_FINNMARK_windon,windon,NO_FINNMARK,301.2148636,329.6313602,39.7830952,19.8915476,0,0,0,0,1,0.0,0.0,0.0,const,0.0,1,windon_NO_FINNMARK,1,0,-1.0,-1.0,mainland,114.13815478285198,127.91344932680398,134.80109659878005
75,BE,windoff,BE0_0,4000.0,5000.0,1000.0,1000.0,0,0,0,0,1,0.0,0.0,0.0,const,0.0,1,windoff_BE,1,0,-1.0,-1.0,offshorewind,2721.3961382936805,3293.286888143904,3874.342054072413
76,DE,windoff,DE_L0,2000.0,2000.0,0.0,0.0,0,0,0,0,1,0.0,0.0,0.0,const,0.0,1,windoff_DE_LU,1,0,54.4027904,6.098272522,offshorewind,1299.22,1343.98,1343.98
77,DE,windoff,DE_L0,3300.0,3300.0,0.0,0.0,0,0,0,0,1,0.0,0.0,0.0,const,0.0,1,windoff_DE_LU,1,0,54.32682454,6.205172974,offshorewind,2156.2188449864825,2217.567,2217.567
78,DE,windoff,DE_L1,2800.0,2800.0,0.0,0.0,0,0,0,0,1,0.0,0.0,0.0,const,0.0,1,windoff_DE_LU,1,0,53.98348145,6.640846408,offshorewind,1818.9080000000001,1854.832,1854.832
79,DE,windoff,DE_L1,3200.0,3200.0,0.0,0.0,0,0,0,0,1,0.0,0.0,0.0,const,0.0,1,windoff_DE_LU,1,0,54.04457377,6.9364114,offshorewind,2078.752,2119.808,2128.624159284791
80,DE,windoff,DE_L3,1900.0,1900.0,0.0,0.0,0,0,0,0,1,0.0,0.0,0.0,const,0.0,1,windoff_DE_LU,1,0,54.44244534,7.807016289,offshorewind,1258.636,1276.781,1276.781
81,DE,windoff,DE_L4,600.0,600.0,0.0,0.0,0,0,0,0,1,0.0,0.0,0.0,const,0.0,1,windoff_DE_LU,1,0,55.16841046,7.026667726,offshorewind,389.76599999999996,397.464,403.194
82,DE,windoff,DE_dog,0.0,0.0,2000.0,2000.0,0,0,0,0,1,0.0,0.0,0.0,const,0.0,1,windoff_DE_LU,1,0,-1.0,-1.0,offshorewind,0.0,1278.8493120046726,2544.425888839297
83,DE,windoff,DE1,0.0,2000.0,2000.0,0.0,0,0,0,0,1,0.0,0.0,0.0,const,0.0,1,windoff_DE_LU,1,0,55.1857,5.5202,offshorewind,1270.6383144187794,2602.953337432214,2649.76
84,DE,windoff,DE1,0.0,2000.0,2000.0,0.0,0,0,0,0,1,0.0,0.0,0.0,const,0.0,1,windoff_DE_LU,1,0,54.9592,5.1467,offshorewind,1287.3,2596.2424302803634,2649.76
85,DE,windoff,DE4,8600.0,8600.0,2000.0,0.0,0,0,0,0,1,0.0,0.0,0.0,const,0.0,1,windoff_DE_LU,1,0,-1.0,-1.0,offshorewind,5383.969861928341,7006.672,6960.561918061166
86,DE,windoff,DE5,0.0,2000.0,0.0,0.0,0,0,0,0,1,0.0,0.0,0.0,const,0.0,1,windoff_DE_LU,1,0,-1.0,-1.0,offshorewind,1250.66,1298.766240944062,1320.9811749385094
87,DE,windoff,DE_L2_dc,3600.0,7600.0,2000.0,0.0,0,0,0,0,1,0.0,0.0,0.0,const,0.0,1,windoff_DE_LU,1,0,54.69075694,6.153616262,offshorewind,4973.930234933491,6303.357590444415,6451.104
88,DE,windoff,DE_L0,4000.0,4000.0,0.0,0.0,0,0,0,0,1,0.0,0.0,0.0,const,0.0,1,windoff_DE_LU,1,0,54.05059606,6.193929243,offshorewind,2636.48,2687.96,2687.96
89,DK,windoff,DK_east,2400.0,2400.0,0.0,0.0,0,0,0,0,1,0.0,0.0,0.0,const,0.0,1,windoff_DK_1,1,0,54.95274135,12.71917853,offshorewind,1644.6319999999996,1600.7238115878074,1634.3039999999996
90,DK,windoff,DK_east,2400.0,2400.0,0.0,0.0,0,0,0,0,1,0.0,0.0,0.0,const,0.0,1,windoff_DK_1,1,0,54.89541552,14.68985602,offshorewind,1601.4293206230773,1634.9039999999995,1610.0799999999997
91,DK,windoff,DK_hub,0.0,3000.0,4000.0,2000.0,0,0,0,0,1,0.0,0.0,0.0,const,0.0,1,windoff_DK_1,1,0,-1.0,-1.0,offshorewind,1999.3024109526905,4727.866239177432,6166.8
92,DK,windoff,DK_L6,900.0,900.0,500.0,0.0,0,0,0,0,1,0.0,0.0,0.0,const,0.0,1,windoff_DK_1,1,0,56.37442456,6.891342572,offshorewind,602.163,914.816,950.0260000000001
93,DK,windoff,DK_L0,1000.0,1000.0,0.0,0.0,0,0,0,0,1,0.0,0.0,0.0,const,0.0,1,windoff_DK_1,1,0,55.59370633,7.694128643,offshorewind,698.0083225720751,688.87,698.1695950307022
94,DK,windoff,DK_L11,1400.0,1400.0,0.0,0.0,0,0,0,0,1,0.0,0.0,0.0,const,0.0,1,windoff_DK_1,1,0,56.781615,10.75060965,offshorewind,914.7740000000001,911.7080000000002,945.3432090746827
95,DK,windoff,DK_L4,1800.0,1800.0,0.0,0.0,0,0,0,0,1,0.0,0.0,0.0,const,0.0,1,windoff_DK_1,1,0,56.1722313,7.538568201,offshorewind,1205.7277710748383,1255.682,1242.387767017653
96,DK,windoff,DK_L6,460.0,460.0,0.0,0.0,0,0,0,0,1,0.0,0.0,0.0,const,0.0,1,windoff_DK_1,1,0,56.62229498,8.054614185,offshorewind,303.780328621578,304.23168999214994,312.1513999999999
97,DK,windoff,DK_west,900.0,900.0,0.0,0.0,0,0,0,0,1,0.0,0.0,0.0,const,0.0,1,windoff_DK_1,1,0,57.39261082,9.245659067,offshorewind,605.4567533978912,611.4785540366407,624.681
98,DK,windoff,DK_L13,940.0,940.0,0.0,0.0,0,0,0,0,1,0.0,0.0,0.0,const,0.0,1,windoff_DK_1,1,0,56.45557533,11.82961502,offshorewind,594.7379999999998,603.1133999999998,601.2145999999998
99,DK,windoff,DK_L11,300.0,300.0,0.0,0.0,0,0,0,0,1,0.0,0.0,0.0,const,0.0,1,windoff_DK_1,1,0,-1.0,-1.0,offshorewind,196.02299999999997,195.36599999999996,202.92602716280516
100,NL_wind1_gemini,windoff,NL_L3,600.0,600.0,0.0,0.0,0,0,0,0,1,0.0,0.0,0.0,const,0.0,1,windoff_NL_2,1,0,54.03641636,5.96299549,offshorewind,360.83399999999995,362.91599999999994,373.416
101,NL_wind5_hollandsse,windoff,NL_L2,5000.0,5600.0,0.0,0.0,0,0,0,0,1,0.0,0.0,0.0,const,0.0,1,windoff_NL_1,1,0,52.45,4.15,offshorewind,3115.0109278622604,3165.054797799676,3148.4353746664938
102,NL_wind10_borssele,windoff,NL_L0,3800.0,3800.0,0.0,0.0,0,0,0,0,1,0.0,0.0,0.0,const,0.0,1,windoff_NL_1,1,0,51.70052493,2.995974049,offshorewind,2129.0728060049573,2174.8613490927655,2128.304
103,NL_wind7_tennet2,windoff,NL_L1_dc,0.0,8000.0,2000.0,4000.0,0,0,0,0,1,0.0,0.0,0.0,const,0.0,1,windoff_NL_1,1,0,53.1855,3.2902,offshorewind,4522.920525628862,5725.087126112273,7829.64076973119
104,NL_wind11_tennet2,windoff,NL7,2600.0,6000.0,0.0,4000.0,0,0,0,0,1,0.0,0.0,0.0,const,0.0,1,windoff_NL_1,1,0,-1.0,-1.0,offshorewind,3221.1513052985642,3306.2172557644417,5393.693957558169
105,NL_wind2_tennet2,windoff,NL1,2000.0,4000.0,2000.0,1000.0,0,0,0,0,1,0.0,0.0,0.0,const,0.0,1,windoff_NL_2,1,0,-1.0,-1.0,offshorewind,2362.4514844769037,3629.652777746831,4312.460714805267
106,NL_wind3,windoff,NL4,0.0,0.0,3000.0,6000.0,0,0,0,0,1,0.0,0.0,0.0,const,0.0,1,windoff_NL_2,1,0,-1.0,-1.0,offshorewind,0.0,1822.3739791408263,5606.213301185389
107,NL_wind4,windoff,NL5,0.0,0.0,4000.0,6000.0,0,0,0,0,1,0.0,0.0,0.0,const,0.0,1,windoff_NL_2,1,0,-1.0,-1.0,offshorewind,0.0,2453.648172563838,6089.893592767034
108,Nordavind B.2050,windoff,NO_FINNMARK,0.0,0.0,0.0,1500.0,0,0,0,0,1,0.0,0.0,0.0,const,0.0,1,windon_NO_FINNMARK,1,0,71.77702737,27.75296304,offshorewind,0.0,0.0,519.39
109,Nordavind D.2035,windoff,NO_FINNMARK,0.0,1500.0,0.0,0.0,0,0,0,0,1,0.0,0.0,0.0,const,0.0,1,windon_NO_FINNMARK,1,0,71.44972828,18.80136939,offshorewind,519.39,519.39,517.1966649859845
110,Nordvest A.1,windoff,NO_marka,0.0,0.0,0.0,1500.0,0,0,0,0,1,0.0,0.0,0.0,const,0.0,1,windoff_NO_NordvestA,1,0,66.1,9.7,offshorewind,0.0,0.0,934.02
111,Nordvest A.2,windoff,NO_marka,0.0,0.0,0.0,1500.0,0,0,0,0,1,0.0,0.0,0.0,const,0.0,1,windoff_NO_NordvestA,1,0,66.3,9.7,offshorewind,0.0,0.0,928.34
112,Nordvest C.1,windoff,NO_NordvestC.1,0.0,1500.0,0.0,0.0,0,0,0,0,1,0.0,0.0,0.0,const,0.0,1,windoff_NO_NordvestC,1,0,63.5,6.6,offshorewind,883.7533127711362,883.7533127711363,883.7533127711363
113,Nordvest C.2,windoff,NO_NordvestC.2,0.0,0.0,1500.0,0.0,0,0,0,0,1,0.0,0.0,0.0,const,0.0,1,windoff_NO_NordvestC,1,0,63.9,6.7,offshorewind,0.0,884.0182540982548,884.0182540982548
114,Vestavind A,windoff,NO_VestavindA,0.0,0.0,1500.0,0.0,0,0,0,0,1,0.0,0.0,0.0,const,0.0,1,windoff_NO_VestavindA,1,0,61.98188847,3.705499849,offshorewind,0.0,964.425,964.425
115,Vestavind B,windoff,NO_VestavindB,0.0,1500.0,0.0,0.0,0,0,0,0,1,0.0,0.0,0.0,const,0.0,1,windoff_NO_VestavindB,1,0,61.05563737,3.617045878,offshorewind,962.6770887976633,962.6770887976631,962.6321636259054
116,Vestavind E.1,windoff,NO_VestavindE.1,0.0,0.0,1500.0,0.0,0,0,0,0,1,0.0,0.0,0.0,const,0.0,1,windoff_NO_VestavindE,1,0,59.1,3.85,offshorewind,0.0,1004.2352137900442,1004.1782416417412
117,Vestavind E.2,windoff,NO_VestavindE.2,0.0,0.0,0.0,1500.0,0,0,0,0,1,0.0,0.0,0.0,const,0.0,1,windoff_NO_VestavindE,1,0,58.9,3.85,offshorewind,0.0,0.0,998.0313407869243
118,Vestavind F.0,windoff,NO_haugaland,1500.0,1500.0,0.0,0.0,0,0,0,0,1,0.0,0.0,0.0,const,0.0,1,windoff_NO_VestavindF,1,0,59.45,4.5,offshorewind,938.97,943.08,943.08
119,Vestavind F.1,windoff,NO_VestavindF,0.0,1500.0,0.0,0.0,0,0,0,0,1,0.0,0.0,0.0,const,0.0,1,windoff_NO_VestavindF,1,0,59.3,4.5,offshorewind,757.5372898985465,943.08,936.6037356337522
120,Sørvest B.1,windoff,NO_SørvestB.1,0.0,1500.0,0.0,0.0,0,0,0,0,1,0.0,0.0,0.0,const,0.0,1,windoff_NO_SoervestB,1,0,57.4,3.36,offshorewind,1002.9192641001583,1010.7320619004813,1000.1457581612523
121,Sørvest B.2,windoff,NO_SørvestB.2,0.0,0.0,1500.0,0.0,0,0,0,0,1,0.0,0.0,0.0,const,0.0,1,windoff_NO_SoervestB,1,0,57.25,3.36,offshorewind,0.0,1020.495,999.3913294994659
122,Sørvest C.1,windoff,NO_SørvestC.1,0.0,0.0,1500.0,0.0,0,0,0,0,1,0.0,0.0,0.0,const,0.0,1,windoff_NO_SoervestC,1,0,57.1,3.95,offshorewind,0.0,977.7982415509799,958.6355564708714
123,Sørvest C.2,windoff,NO_SørvestC.2,0.0,0.0,0.0,1500.0,0,0,0,0,1,0.0,0.0,0.0,const,0.0,1,windoff_NO_SoervestC,1,0,56.95,3.9,offshorewind,0.0,0.0,947.6519932740571
124,Sørvest F.0,windoff,NO_kvinesdal_dc,1500.0,1500.0,0.0,0.0,0,0,0,0,1,0.0,0.0,0.0,const,0.0,1,windoff_NO_SoervestF,1,0,56.81703138,5.2,offshorewind,1025.3000000000002,1025.3,1032.6
125,Sørvest F.1,windoff,NO_SørvestF.1,0.0,1500.0,0.0,0.0,0,0,0,0,1,0.0,0.0,0.0,const,0.0,1,windoff_NO_SoervestF,1,0,56.84,4.872,offshorewind,993.2908065946406,1009.6134797266376,994.1013541328243
126,Sørvest F.2,windoff,NO_SørvestF.2,0.0,0.0,1500.0,0.0,0,0,0,0,1,0.0,0.0,0.0,const,0.0,1,windoff_NO_SoervestF,1,0,56.93,4.72,offshorewind,0.0,931.9914113796044,962.91
127,Sørvest F.3,windoff,NO_SørvestF.3,0.0,0.0,0.0,1500.0,0,0,0,0,1,0.0,0.0,0.0,const,0.0,1,windoff_NO_SoervestF,1,0,56.65,4.7,offshorewind,0.0,0.0,1027.8868106652494
128,VÃ¤stvind,windoff,SE_L1,0.0,0.0,0.0,1000.0,0,0,0,0,1,0.0,0.0,0.0,const,0.0,1,windoff_SE_3,1,0,57.78,11.3,offshorewind,0.0,0.0,460.08
129,Mareld,windoff,SE_N,0.0,0.0,0.0,2000.0,0,0,0,0,1,0.0,0.0,0.0,const,0.0,1,windoff_SE_3,1,0,58.16,10.58,offshorewind,0.0,0.0,912.44
130,SE,windoff,SE_N,0.0,1000.0,0.0,0.0,0,0,0,0,1,0.0,0.0,0.0,const,0.0,1,windoff_SE_3,1,0,-1.0,-1.0,offshorewind,460.08,460.08,459.09
131,Kattegatt Syd,windoff,SE_S,0.0,0.0,0.0,1000.0,0,0,0,0,1,0.0,0.0,0.0,const,0.0,1,windoff_SE_3,1,0,56.8,12.0,offshorewind,0.0,0.0,439.38
132,SE,windoff,SE_S,0.0,0.0,2000.0,0.0,0,0,0,0,1,0.0,0.0,0.0,const,0.0,1,windoff_SE_3,1,0,-1.0,-1.0,offshorewind,0.0,904.5265473679981,901.439157435391
133,UK,windoff,UK_L10,1000.0,1000.0,0.0,0.0,0,0,0,0,1,0.0,0.0,0.0,const,0.0,1,windoff_GB_sor,1,0,51.52798026,1.565024748,offshorewind,599.2,599.2,599.2
134,UK,windoff,UK_L10,1200.0,1200.0,0.0,0.0,0,0,0,0,1,0.0,0.0,0.0,const,0.0,1,windoff_GB_sor,1,0,51.88844422,1.985165858,offshorewind,719.0399999999998,719.04,719.0399999999998
135,R4 Project 3 (Outer Dowsing),windoff,UK_L8,0.0,0.0,0.0,2000.0,0,0,0,0,1,0.0,0.0,0.0,const,0.0,1,windoff_GB_sor,1,0,53.56846887,1.284692152,offshorewind,0.0,0.0,1198.4
136,UK,windoff,UK_L8,500.0,500.0,0.0,0.0,0,0,0,0,1,0.0,0.0,0.0,const,0.0,1,windoff_GB_sor,1,0,53.72502342,0.222292715,offshorewind,299.6,299.6,299.6
137,UK,windoff,UK_L8,3000.0,3000.0,0.0,0.0,0,0,0,0,1,0.0,0.0,0.0,const,0.0,1,windoff_GB_sor,1,0,53.89795859,1.859500462,offshorewind,1797.6,1797.6,1797.6
138,UK,windoff,UK_L8,500.0,500.0,0.0,0.0,0,0,0,0,1,0.0,0.0,0.0,const,0.0,1,windoff_GB_sor,1,0,53.17179846,0.464461559,offshorewind,299.6,299.6,299.6
139,UK12_O,windoff,UK_L8,2000.0,2000.0,0.0,0.0,0,0,0,0,1,0.0,0.0,0.0,const,0.0,1,windoff_GB_sor,1,0,53.28899434,1.05208029,offshorewind,1198.4,1198.4,1198.4
140,UK,windoff,UK_L9,2000.0,2000.0,0.0,0.0,0,0,0,0,1,0.0,0.0,0.0,const,0.0,1,windoff_GB_sor,1,0,52.44889801,2.676992736,offshorewind,1198.4,1198.4,1198.4
141,R4 Irish Sea,windoff,UK_main,0.0,0.0,0.0,4000.0,0,0,0,0,1,0.0,0.0,0.0,const,0.0,1,windoff_GB_sor,1,0,53.72084626,-3.922956832,offshorewind,0.0,0.0,2396.8
142,UK,windoff,UK12,2500.0,2500.0,0.0,0.0,0,0,0,0,1,0.0,0.0,0.0,const,0.0,1,windoff_GB_sor,1,0,-1.0,-1.0,offshorewind,1498.0,1496.5196190986362,1498.0
143,East Anglia North Tranche One East  (Norfolk Vanguard East),windoff,UK17,0.0,0.0,0.0,4000.0,0,0,0,0,1,0.0,0.0,0.0,const,0.0,1,windoff_GB_sor,1,0,52.82868329,2.925052315,offshorewind,0.0,0.0,2345.818836288324
144,UK,windoff,UK17,2000.0,4000.0,0.0,0.0,0,0,0,0,1,0.0,0.0,0.0,const,0.0,1,windoff_GB_sor,1,0,-1.0,-1.0,offshorewind,2326.63632963828,2352.074390657755,2371.266911585991
145,North Falls,windoff,UK2,0.0,0.0,0.0,1000.0,0,0,0,0,1,0.0,0.0,0.0,const,0.0,1,windoff_GB_sor,1,0,51.75418843,1.900752116,offshorewind,0.0,0.0,586.7650867701611
146,UK,windoff,UK2,0.0,1000.0,0.0,0.0,0,0,0,0,1,0.0,0.0,0.0,const,0.0,1,windoff_GB_sor,1,0,-1.0,-1.0,offshorewind,599.2,599.2,585.2075113153924
147,DoggerbankA,windoff,UK_L7,1200.0,1200.0,0.0,0.0,0,0,0,0,1,0.0,0.0,0.0,const,0.0,1,windoff_GB_mid,1,0,54.76967,1.908917,offshorewind,764.2919999999999,764.2919999999999,764.2919999999999
148,DoggerbankB,windoff,UK_L7,1200.0,1200.0,0.0,0.0,0,0,0,0,1,0.0,0.0,0.0,const,0.0,1,windoff_GB_mid,1,0,54.97737,1.679725,offshorewind,764.2919999999999,764.2919999999999,764.2919999999999
149,UK,windoff,UK_L6,500.0,500.0,0.0,0.0,0,0,0,0,1,0.0,0.0,0.0,const,0.0,1,windoff_GB_mid,1,0,54.88804445,-1.245936228,offshorewind,318.455,318.455,318.455
150,UK_36,windoff,UK5,0.0,1000.0,0.0,0.0,0,0,0,0,1,0.0,0.0,0.0,const,0.0,1,windoff_GB_mid,1,0,55.03989336,2.822688852,offshorewind,615.346486181022,613.16,591.15
151,R4 Project 1 (Dogger Bank South West),windoff,UK5,0.0,0.0,0.0,1800.0,0,0,0,0,1,0.0,0.0,0.0,const,0.0,1,windoff_GB_mid,1,0,54.62498478,1.478738308,offshorewind,0.0,0.0,1090.4462687479017
152,UK,windoff,UK5,2000.0,4000.0,0.0,0.0,0,0,0,0,1,0.0,0.0,0.0,const,0.0,1,windoff_GB_mid,1,0,-1.0,-1.0,offshorewind,2528.553420039436,2540.173664015817,2418.294
153,Marram,windoff,UK_L2,0.0,0.0,0.0,3000.0,0,0,0,0,1,0.0,0.0,0.0,const,0.0,1,windoff_GB_scot,1,0,58.16203781,-0.622607007,offshorewind,0.0,0.0,1816.41
154,Ayre Offshore Wind Farm,windoff,UK4,0.0,0.0,0.0,1000.0,0,0,0,0,1,0.0,0.0,0.0,const,0.0,1,windoff_GB_scot,1,0,58.8619326,-2.200573246,offshorewind,0.0,0.0,577.83
155,Stromar,windoff,UK4,0.0,0.0,0.0,1000.0,0,0,0,0,1,0.0,0.0,0.0,const,0.0,1,windoff_GB_scot,1,0,58.51438072,-2.145614763,offshorewind,0.0,0.0,577.99
156,Magnora TBC,windoff,UK_L0,0.0,0.0,0.0,2000.0,0,0,0,0,1,0.0,0.0,0.0,const,0.0,1,windoff_GB_scot,1,0,58.79601522,-6.361776069,offshorewind,0.0,0.0,1210.94
157,Northland Mhairi TBC,windoff,UK_L0,0.0,0.0,0.0,3000.0,0,0,0,0,1,0.0,0.0,0.0,const,0.0,1,windoff_GB_scot,1,0,58.86306738,-5.537115232,offshorewind,0.0,0.0,1816.41
158,UK,windoff,UK_L0,1000.0,1000.0,2000.0,0.0,0,0,0,0,1,0.0,0.0,0.0,const,0.0,1,windoff_GB_scot,1,0,58.85295482,-4.107659776,offshorewind,605.47,1816.41,1816.41
159,UK,windoff,UK_L0,0.0,0.0,2000.0,0.0,0,0,0,0,1,0.0,0.0,0.0,const,0.0,1,windoff_GB_scot,1,0,58.85855979,-5.541294948,offshorewind,0.0,1210.94,1210.94
160,West of Orkney Wind Farm,windoff,UK_L0,0.0,0.0,0.0,2000.0,0,0,0,0,1,0.0,0.0,0.0,const,0.0,1,windoff_GB_scot,1,0,58.91536416,-4.193018404,offshorewind,0.0,0.0,1210.94
161,UK,windoff,UK_L2,2500.0,2500.0,0.0,0.0,0,0,0,0,1,0.0,0.0,0.0,const,0.0,1,windoff_GB_scot,1,0,58.20523722,-2.755477517,offshorewind,1513.675,1513.675,1513.675
162,UK,windoff,UK_L2,1000.0,1000.0,0.0,0.0,0,0,0,0,1,0.0,0.0,0.0,const,0.0,1,windoff_GB_scot,1,0,58.1286235,-2.938916404,offshorewind,605.47,605.47,605.47
163,Caledonia Offshore Wind Farm,windoff,UK_L2,0.0,0.0,0.0,1000.0,0,0,0,0,1,0.0,0.0,0.0,const,0.0,1,windoff_GB_scot,1,0,58.19692755,-2.486427587,offshorewind,0.0,0.0,605.47
164,UK,windoff,UK_L2,0.0,0.0,2000.0,0.0,0,0,0,0,1,0.0,0.0,0.0,const,0.0,1,windoff_GB_scot,1,0,57.41865461,-0.569746067,offshorewind,0.0,1210.94,1210.94
165,UK,windoff,UK_L3,500.0,500.0,0.0,0.0,0,0,0,0,1,0.0,0.0,0.0,const,0.0,1,windoff_GB_scot,1,0,56.26801754,-2.24945389,offshorewind,302.735,302.735,302.735
166,UK,windoff,UK_L3,1500.0,1500.0,0.0,0.0,0,0,0,0,1,0.0,0.0,0.0,const,0.0,1,windoff_GB_scot,1,0,56.94338465,-1.855991377,offshorewind,908.205,908.205,908.205
167,UK,windoff,UK_L3,1000.0,1000.0,0.0,0.0,0,0,0,0,1,0.0,0.0,0.0,const,0.0,1,windoff_GB_scot,1,0,56.39191457,-2.23217215,offshorewind,605.47,605.47,605.47
168,Berwick Bank,windoff,UK_L4,0.0,0.0,0.0,2000.0,0,0,0,0,1,0.0,0.0,0.0,const,0.0,1,windoff_GB_scot,1,0,56.29163283,-1.468486476,offshorewind,0.0,0.0,1193.62
169,SeaGreen Charlie Wind Farm,windoff,UK_L4,0.0,0.0,0.0,2000.0,0,0,0,0,1,0.0,0.0,0.0,const,0.0,1,windoff_GB_scot,1,0,56.29170591,-1.466824812,offshorewind,0.0,0.0,1193.62
170,UK,windoff,UK_L4,1400.0,1400.0,0.0,0.0,0,0,0,0,1,0.0,0.0,0.0,const,0.0,1,windoff_GB_scot,1,0,56.28042922,-1.49546784,offshorewind,847.6579999999999,847.6579999999999,835.5339999999998
171,MachairWind,windoff,UK_scotland,0.0,0.0,0.0,2000.0,0,0,0,0,1,0.0,0.0,0.0,const,0.0,1,windoff_GB_scot,1,0,56.01413752,-6.673811948,offshorewind,0.0,0.0,1210.94
172,Marr Bank Wind Farm,windoff,UK_L3,0.0,0.0,0.0,2000.0,0,0,0,0,1,0.0,0.0,0.0,const,0.0,1,windoff_GB_scot,1,0,56.34467041,-1.794018007,offshorewind,0.0,0.0,1210.94
173,UK,windoff,UK_L3,2500.0,4500.0,0.0,0.0,0,0,0,0,1,0.0,0.0,0.0,const,0.0,1,windoff_GB_scot,1,0,56.55839784,-1.793786614,offshorewind,2724.615,2724.615,2724.615
174,Shetland Offshore Wind,windoff,UK19,0.0,0.0,0.0,2000.0,0,0,0,0,1,0.0,0.0,0.0,const,0.0,1,windoff_GB_scot,1,0,60.47063494,-0.028451122,offshorewind,0.0,0.0,1145.2416581396578
175,Morven,windoff,UK22,0.0,0.0,0.0,2000.0,0,0,0,0,1,0.0,0.0,0.0,const,0.0,1,windoff_GB_scot,1,0,56.65773182,-0.874508245,offshorewind,0.0,0.0,1156.7
176,UK,windoff,UK22,0.0,5000.0,0.0,0.0,0,0,0,0,1,0.0,0.0,0.0,const,0.0,1,windoff_GB_scot,1,0,-1.0,-1.0,offshorewind,3014.6503632181175,2964.39,2909.95
177,Bowdun Offshore Wind Farm,windoff,UK_L3,0.0,0.0,0.0,2000.0,0,0,0,0,1,0.0,0.0,0.0,const,0.0,1,windoff_GB_scot,1,0,56.97488752,-1.345901924,offshorewind,0.0,0.0,1210.94
178,UK,windoff,UK_L3,0.0,0.0,2000.0,0.0,0,0,0,0,1,0.0,0.0,0.0,const,0.0,1,windoff_GB_scot,1,0,56.98254193,-1.392692227,offshorewind,0.0,1210.94,1210.94
179,Bellrock,windoff,UK22,0.0,0.0,0.0,1200.0,0,0,0,0,1,0.0,0.0,0.0,const,0.0,1,windoff_GB_scot,1,0,56.84573779,0.035527072,offshorewind,0.0,0.0,693.5880000000002
180,Campion,windoff,UK22,0.0,0.0,0.0,2000.0,0,0,0,0,1,0.0,0.0,0.0,const,0.0,1,windoff_GB_scot,1,0,57.30600006,0.114127588,offshorewind,0.0,0.0,1175.26
181,UK,windoff,UK22,0.0,0.0,3000.0,0.0,0,0,0,0,1,0.0,0.0,0.0,const,0.0,1,windoff_GB_scot,1,0,57.12943659,0.043269802,offshorewind,0.0,1767.13,1747.969720932683
182,UK,windoff,UK4,0.0,0.0,2000.0,0.0,0,0,0,0,1,0.0,0.0,0.0,const,0.0,1,windoff_GB_scot,1,0,-1.0,-1.0,offshorewind,0.0,1208.840510144555,1155.98
